,baseline,advanced,,,,,
1,2,2,,,,,
2,1,2,,,,,
3,0,1,,,,,
4,1,1,,,,,
5,2,1,,,,,
6,2,1,,,,,
7,2,1,,,,,
8,1,1,,,,,
9,0,1,,,,,
10,1,1,,,,,
11,0,0,,,,,
12,0,2,,,,,
13,2,1,,,,,
14,0,1,,,,,
15,2,1,,,,,
16,1,1,,,,,
17,2,2,,,,,
18,1,1,,,,,
19,0,1,,,,,
20,2,1,,,,,
21,2,1,,,,,
22,1,1,,,,,
23,2,1,,,,,
24,1,1,,,,,
25,0,0,,,,,
26,2,2,,,,,
27,0,0,,,,,
28,2,1,,,,,
29,1,2,,,,,
30,0,1,,,,,
31,1,1,,,,,
32,0,1,,,,,
33,0,1,,,,,
34,1,1,,,,,
35,0,0,,,,,
36,2,1,,,,,
37,2,1,,,,,
38,0,0,,,,,
39,0,1,,,,,
40,2,1,,,,,
41,1,0,,,,,
42,0,0,,,,,
43,0,1,,,,,
44,2,2,,,,,
45,1,1,,,,,
46,1,2,,,,,
47,0,0,,,,,
48,1,1,,,,,
49,0,0,,,,,
50,0,0,,,,,
51,2,1,,,,,
52,0,0,,,,,
53,2,0,,,,,
54,0,1,,,,,
55,0,2,,,,,
56,1,1,,,,,
57,0,1,,,,,
58,2,1,,,,,
59,0,2,,,,,
60,1,2,,,,,
61,2,1,,,,,
62,0,1,,,,,
63,2,1,,,,,
64,0,2,,,,,
65,0,1,,,,,
66,1,1,,,,,
67,1,1,,,,,
68,0,0,,,,,
69,1,1,,,,,
70,2,1,,,,,
71,2,1,,,,,
72,2,0,,,,,
73,0,1,,,,,
74,0,1,,,,,
75,1,1,,,,,
76,0,0,,,,,
77,0,1,,,,,
78,0,1,,,,,
79,2,2,,,,,
80,0,1,,,,,
81,2,1,,,,,
82,1,2,,,,,
83,0,0,,,,,
84,0,1,,,,,
85,1,1,,,,,
86,2,1,,,,,
87,1,1,,,,,
88,0,0,,,,,
89,2,1,,,,,
90,1,1,,,,,
91,1,1,,,,,
92,1,1,,,,,
93,1,0,,,,,
94,0,1,,,,,
95,2,2,,,,,
96,2,1,,,,,
97,0,2,,,,,
98,2,1,,,,,
99,0,0,,,,,
100,1,1,,,,,
101,1,1,,,,,
102,2,1,,,,,
103,1,1,,,,,
104,0,1,,,,,
105,0,1,,,,,
106,1,1,,,,,
107,0,1,,,,,
108,2,1,,,,,
109,0,2,,,,,
110,0,1,,,,,
111,0,2,,,,,
112,2,2,,,,,
113,1,1,,,,,
114,1,1,,,,,
115,0,1,,,,,
116,0,0,,,,,
117,0,0,,,,,
118,1,1,,,,,
119,2,1,,,,,
120,0,0,,,,,
121,2,1,,,,,
122,0,0,,,,,
123,0,1,,,,,
124,2,1,,,,,
125,1,1,,,,,
126,2,1,,,,,
127,0,2,,,,,
128,0,2,,,,,
129,1,1,,,,,
130,2,1,,,,,
131,0,1,,,,,
132,0,2,,,,,
133,0,1,,,,,
134,1,1,,,,,
135,0,1,,,,,
136,1,1,,,,,
137,2,1,,,,,
138,0,0,,,,,
139,1,1,,,,,
140,2,0,,,,,
141,0,1,,,,,
142,0,2,,,,,
143,1,1,,,,,
144,2,1,,,,,
145,2,1,,,,,
146,0,2,,,,,
147,1,1,,,,,
148,0,0,,,,,
149,2,2,,,,,
150,2,1,,,,,
151,1,1,,,,,
152,0,1,,,,,
153,1,1,,,,,
154,0,0,,,,,
155,1,1,,,,,
156,0,1,,,,,
157,0,0,,,,,
158,0,1,,,,,
159,1,1,,,,,
160,2,1,,,,,
161,0,0,,,,,
162,2,2,,,,,
163,2,1,,,,,
164,2,1,,,,,
165,0,0,,,,,
166,1,0,,,,,
167,1,1,,,,,
168,0,0,,,,,
169,1,1,,,,,
170,0,2,,,,,
171,0,2,,,,,
172,0,0,,,,,
173,2,2,,,,,
174,0,1,,,,,
175,1,0,,,,,
176,1,2,,,,,
177,1,1,,,,,
178,2,2,,,,,
179,2,1,,,,,
180,0,1,,,,,
181,1,1,,,,,
182,0,2,,,,,
183,1,1,,,,,
184,2,2,,,,,
185,1,1,,,,,
186,0,1,,,,,
187,2,2,,,,,
188,0,0,,,,,
189,2,1,,,,,
190,2,1,,,,,
191,2,1,,,,,
192,0,0,,,,,
193,2,1,,,,,
194,0,2,,,,,
195,1,1,,,,,
196,0,0,,,,,
197,0,2,,,,,
198,0,1,,,,,
199,0,1,,,,,
200,1,1,,,,,
201,0,0,,,,,
202,1,1,,,,,
203,1,1,,,,,
204,1,1,,,,,
205,0,1,,,,,
206,0,1,,,,,
207,2,1,,,,,
208,1,1,,,,,
209,2,1,,,,,
210,2,1,,,,,
211,0,1,,,,,
212,1,1,,,,,
213,2,1,,,,,
214,0,2,,,,,
215,0,0,,,,,
216,0,2,,,,,
217,0,0,,,,,
218,1,1,,,,,
219,2,2,,,,,
220,0,0,,,,,
221,1,2,,,,,
222,0,0,,,,,
223,2,1,,,,,
224,0,1,,,,,
225,0,2,,,,,
226,2,1,,,,,
227,2,1,,,,,
228,0,1,,,,,
229,2,2,,,,,
230,0,1,,,,,
231,2,2,,,,,
232,0,1,,,,,
233,1,1,,,,,
234,2,1,,,,,
235,1,2,,,,,
236,1,1,,,,,
237,0,0,,,,,
238,1,2,,,,,
239,1,2,,,,,
240,0,1,,,,,
241,2,1,,,,,
242,1,1,,,,,
243,0,2,,,,,
244,2,1,,,,,
245,1,1,,,,,
246,0,0,,,,,
247,1,1,,,,,
248,1,1,,,,,
249,1,1,,,,,
250,1,1,,,,,
251,1,0,,,,,
252,0,1,,,,,
253,1,0,,,,,
254,1,1,,,,,
255,0,2,,,,,
256,0,1,,,,,
257,1,1,,,,,
258,0,0,,,,,
259,1,1,,,,,
260,0,0,,,,,
261,0,0,,,,,
262,1,1,,,,,
263,2,2,,,,,
264,0,2,,,,,
265,0,1,,,,,
266,0,0,,,,,
267,0,1,,,,,
268,0,0,,,,,
269,1,1,,,,,
270,2,1,,,,,
271,0,1,,,,,
272,0,1,,,,,
273,2,1,,,,,
274,0,1,,,,,
275,0,1,,,,,
276,0,0,,,,,
277,0,0,,,,,
278,0,0,,,,,
279,0,0,,,,,
280,1,1,,,,,
281,0,2,,,,,
282,2,2,,,,,
283,0,2,,,,,
284,0,0,,,,,
285,1,1,,,,,
286,1,2,,,,,
287,2,1,,,,,
288,1,1,,,,,
289,2,1,,,,,
290,0,1,,,,,
291,1,1,,,,,
292,2,1,,,,,
293,2,2,,,,,
294,0,0,,,,,
295,2,2,,,,,
296,1,1,,,,,
297,1,2,,,,,
298,1,2,,,,,
299,2,1,,,,,
300,0,0,,,,,
301,2,1,,,,,
302,1,1,,,,,
303,2,1,,,,,
304,2,1,,,,,
305,0,2,,,,,
306,0,1,,,,,
307,2,1,,,,,
308,1,2,,,,,
309,1,1,,,,,
310,1,1,,,,,
311,0,0,,,,,
312,0,0,,,,,
313,1,2,,,,,
314,0,1,,,,,
315,2,1,,,,,
316,0,1,,,,,
317,0,1,,,,,
318,0,1,,,,,
319,2,2,,,,,
320,2,1,,,,,
321,2,1,,,,,
322,0,2,,,,,
323,0,1,,,,,
324,0,1,,,,,
325,1,1,,,,,
326,0,1,,,,,
327,1,2,,,,,
328,2,2,,,,,
329,2,1,,,,,
330,1,2,,,,,
331,2,1,,,,,
332,1,1,,,,,
333,1,1,,,,,
334,2,1,,,,,
335,2,2,,,,,
336,1,1,,,,,
337,0,2,,,,,
338,0,1,,,,,
339,2,1,,,,,
340,0,0,,,,,
341,0,0,,,,,
342,0,0,,,,,
343,0,1,,,,,
344,2,1,,,,,
345,0,2,,,,,
346,1,2,,,,,
347,0,2,,,,,
348,1,1,,,,,
349,2,1,,,,,
350,1,0,,,,,
351,2,2,,,,,
352,0,1,,,,,
353,0,0,,,,,
354,2,1,,,,,
355,2,0,,,,,
356,0,0,,,,,
357,1,1,,,,,
358,2,1,,,,,
359,0,1,,,,,
360,0,0,,,,,
361,0,1,,,,,
362,0,0,,,,,
363,1,1,,,,,
364,2,1,,,,,
365,0,1,,,,,
366,0,1,,,,,
367,2,1,,,,,
368,0,1,,,,,
369,0,0,,,,,
370,2,1,,,,,
371,2,1,,,,,
372,2,2,,,,,
373,1,1,,,,,
374,0,2,,,,,
375,0,1,,,,,
376,0,2,,,,,
377,1,2,,,,,
378,2,2,,,,,
379,2,1,,,,,
380,0,1,,,,,
381,1,2,,,,,
382,0,2,,,,,
383,0,0,,,,,
384,0,2,,,,,
385,0,0,,,,,
386,0,1,,,,,
387,1,1,,,,,
388,1,1,,,,,
389,2,2,,,,,
390,1,2,,,,,
391,2,2,,,,,
392,2,1,,,,,
393,0,1,,,,,
394,0,0,,,,,
395,0,1,,,,,
396,0,1,,,,,
397,0,1,,,,,
398,1,0,,,,,
399,1,1,,,,,
400,2,1,,,,,
401,1,1,,,,,
402,1,0,,,,,
403,0,0,,,,,
404,1,1,,,,,
405,0,1,,,,,
406,1,1,,,,,
407,2,1,,,,,
408,0,2,,,,,
409,0,0,,,,,
410,0,1,,,,,
411,2,1,,,,,
412,1,1,,,,,
413,1,1,,,,,
414,2,2,,,,,
415,0,1,,,,,
416,0,1,,,,,
417,0,1,,,,,
418,0,0,,,,,
419,2,1,,,,,
420,2,2,,,,,
421,0,1,,,,,
422,1,1,,,,,
423,1,1,,,,,
424,2,2,,,,,
425,0,1,,,,,
426,0,0,,,,,
427,0,0,,,,,
428,2,1,,,,,
429,2,1,,,,,
430,2,1,,,,,
431,0,1,,,,,
432,0,1,,,,,
433,0,1,,,,,
434,1,1,,,,,
435,0,0,,,,,
436,1,1,,,,,
437,1,1,,,,,
438,0,1,,,,,
439,0,2,,,,,
440,0,0,,,,,
441,1,1,,,,,
442,2,1,,,,,
443,1,1,,,,,
444,0,1,,,,,
445,1,1,,,,,
446,1,2,,,,,
447,1,1,,,,,
448,1,1,,,,,
449,1,1,,,,,
450,0,0,,,,,
451,1,2,,,,,
452,2,1,,,,,
453,0,2,,,,,
454,0,0,,,,,
455,2,1,,,,,
456,1,1,,,,,
457,0,2,,,,,
458,1,1,,,,,
459,1,2,,,,,
460,1,2,,,,,
461,0,1,,,,,
462,2,1,,,,,
463,0,1,,,,,
464,1,0,,,,,
465,0,0,,,,,
466,0,0,,,,,
467,0,2,,,,,
468,1,1,,,,,
469,0,0,,,,,
470,1,1,,,,,
471,1,0,,,,,
472,0,1,,,,,
473,1,1,,,,,
474,2,1,,,,,
475,2,1,,,,,
476,0,0,,,,,
477,1,1,,,,,
478,1,1,,,,,
479,2,2,,,,,
480,2,1,,,,,
481,1,2,,,,,
482,2,1,,,,,
483,1,2,,,,,
484,2,1,,,,,
485,2,1,,,,,
486,1,1,,,,,
487,0,1,,,,,
488,2,2,,,,,
489,1,1,,,,,
490,1,1,,,,,
491,1,2,,,,,
492,0,2,,,,,
493,0,1,,,,,
494,1,1,,,,,
495,2,2,,,,,
496,1,2,,,,,
497,0,1,,,,,
498,0,1,,,,,
499,0,0,,,,,
500,0,2,,,,,
501,2,2,,,,,
502,0,2,,,,,
503,1,1,,,,,
504,0,0,,,,,
505,1,1,,,,,
506,1,1,,,,,
507,1,1,,,,,
508,1,1,,,,,
509,2,2,,,,,
510,2,2,,,,,
511,1,1,,,,,
512,1,2,,,,,
513,2,2,,,,,
514,2,1,,,,,
515,0,0,,,,,
516,1,1,,,,,
517,1,1,,,,,
518,1,1,,,,,
519,0,1,,,,,
520,0,0,,,,,
521,0,0,,,,,
522,0,0,,,,,
523,0,1,,,,,
524,0,1,,,,,
525,0,1,,,,,
526,0,0,,,,,
527,0,2,,,,,
528,1,1,,,,,
529,2,1,,,,,
530,1,1,,,,,
531,0,0,,,,,
532,0,1,,,,,
533,0,1,,,,,
534,2,1,,,,,
535,2,1,,,,,
536,1,1,,,,,
537,2,1,,,,,
538,1,1,,,,,
539,0,2,,,,,
540,2,1,,,,,
541,2,1,,,,,
542,0,2,,,,,
543,1,1,,,,,
544,0,1,,,,,
545,2,1,,,,,
546,2,1,,,,,
547,1,1,,,,,
548,0,0,,,,,
549,0,1,,,,,
550,0,1,,,,,
551,1,1,,,,,
552,2,2,,,,,
553,0,1,,,,,
554,2,1,,,,,
555,2,1,,,,,
556,0,0,,,,,
557,0,0,,,,,
558,2,1,,,,,
559,0,1,,,,,
560,2,1,,,,,
561,0,2,,,,,
562,2,1,,,,,
563,2,2,,,,,
564,0,0,,,,,
565,2,1,,,,,
566,2,1,,,,,
567,0,0,,,,,
568,1,1,,,,,
569,0,0,,,,,
570,0,0,,,,,
571,1,1,,,,,
572,0,0,,,,,
573,0,0,,,,,
574,1,1,,,,,
575,1,2,,,,,
576,0,1,,,,,
577,2,2,,,,,
578,0,1,,,,,
579,2,0,,,,,
580,2,1,,,,,
581,0,1,,,,,
582,1,1,,,,,
583,2,2,,,,,
584,1,1,,,,,
585,2,1,,,,,
586,2,1,,,,,
587,1,1,,,,,
588,0,0,,,,,
589,2,2,,,,,
590,2,1,,,,,
591,1,1,,,,,
592,2,1,,,,,
593,0,0,,,,,
594,2,1,,,,,
595,2,1,,,,,
596,0,2,,,,,
597,1,1,,,,,
598,1,0,,,,,
599,0,0,,,,,
600,2,1,,,,,
601,0,2,,,,,
602,0,1,,,,,
603,0,2,,,,,
604,0,2,,,,,
605,0,0,,,,,
606,0,0,,,,,
607,0,1,,,,,
608,1,1,,,,,
609,0,0,,,,,
610,2,2,,,,,
611,1,1,,,,,
612,2,2,,,,,
613,0,1,,,,,
614,0,2,,,,,
615,1,1,,,,,
616,2,1,,,,,
617,2,1,,,,,
618,0,0,,,,,
619,1,1,,,,,
620,0,1,,,,,
621,0,0,,,,,
622,0,0,,,,,
623,1,1,,,,,
624,0,1,,,,,
625,0,1,,,,,
626,2,1,,,,,
627,0,0,,,,,
628,1,1,,,,,
629,2,1,,,,,
630,1,1,,,,,
631,2,1,,,,,
632,0,1,,,,,
633,0,0,,,,,
634,1,1,,,,,
635,0,1,,,,,
636,2,1,,,,,
637,0,0,,,,,
638,2,1,,,,,
639,1,1,,,,,
640,0,0,,,,,
641,1,2,,,,,
642,1,2,,,,,
643,2,1,,,,,
644,1,1,,,,,
645,1,2,,,,,
646,1,1,,,,,
647,0,1,,,,,
648,2,1,,,,,
649,0,0,,,,,
650,0,0,,,,,
651,1,1,,,,,
652,0,0,,,,,
653,0,0,,,,,
654,0,0,,,,,
655,0,1,,,,,
656,1,2,,,,,
657,2,1,,,,,
658,0,2,,,,,
659,0,2,,,,,
660,0,1,,,,,
661,0,1,,,,,
662,0,0,,,,,
663,0,0,,,,,
664,0,1,,,,,
665,2,1,,,,,
666,1,1,,,,,
667,2,2,,,,,
668,1,1,,,,,
669,2,2,,,,,
670,1,1,,,,,
671,1,1,,,,,
672,1,1,,,,,
673,0,2,,,,,
674,0,0,,,,,
675,2,1,,,,,
676,1,2,,,,,
677,2,1,,,,,
678,0,0,,,,,
679,1,1,,,,,
680,0,1,,,,,
681,2,1,,,,,
682,1,1,,,,,
683,0,0,,,,,
684,0,1,,,,,
685,1,2,,,,,
686,1,1,,,,,
687,0,2,,,,,
688,1,1,,,,,
689,2,2,,,,,
690,0,1,,,,,
691,2,1,,,,,
692,0,1,,,,,
693,0,1,,,,,
694,1,1,,,,,
695,0,0,,,,,
696,0,1,,,,,
697,0,1,,,,,
698,1,1,,,,,
699,2,1,,,,,
700,1,2,,,,,
701,0,1,,,,,
702,0,0,,,,,
703,2,2,,,,,
704,1,1,,,,,
705,1,1,,,,,
706,1,2,,,,,
707,0,1,,,,,
708,1,1,,,,,
709,2,1,,,,,
710,1,1,,,,,
711,0,1,,,,,
712,1,2,,,,,
713,2,1,,,,,
714,2,2,,,,,
715,1,1,,,,,
716,2,1,,,,,
717,0,0,,,,,
718,0,0,,,,,
719,1,1,,,,,
720,0,1,,,,,
721,0,1,,,,,
722,1,1,,,,,
723,2,1,,,,,
724,1,1,,,,,
725,0,1,,,,,
726,0,0,,,,,
727,0,0,,,,,
728,1,1,,,,,
729,1,2,,,,,
730,0,0,,,,,
731,0,1,,,,,
732,1,1,,,,,
733,0,1,,,,,
734,0,1,,,,,
735,1,1,,,,,
736,1,2,,,,,
737,1,1,,,,,
738,2,1,,,,,
739,2,1,,,,,
740,1,1,,,,,
741,0,0,,,,,
742,2,1,,,,,
743,0,0,,,,,
744,1,1,,,,,
745,0,0,,,,,
746,1,2,,,,,
747,0,0,,,,,
748,2,1,,,,,
749,2,1,,,,,
750,1,1,,,,,
751,2,1,,,,,
752,1,1,,,,,
753,0,0,,,,,
754,1,1,,,,,
755,1,1,,,,,
756,2,1,,,,,
757,0,1,,,,,
758,1,1,,,,,
759,1,1,,,,,
760,1,2,,,,,
761,1,1,,,,,
762,0,1,,,,,
763,1,1,,,,,
764,1,2,,,,,
765,0,0,,,,,
766,1,1,,,,,
767,0,1,,,,,
768,0,0,,,,,
769,1,2,,,,,
770,2,1,,,,,
771,2,2,,,,,
772,1,1,,,,,
773,1,2,,,,,
774,1,1,,,,,
775,2,1,,,,,
776,0,0,,,,,
777,1,2,,,,,
778,1,2,,,,,
779,1,2,,,,,
780,2,1,,,,,
781,2,1,,,,,
782,1,1,,,,,
783,0,1,,,,,
784,0,0,,,,,
785,0,1,,,,,
786,0,0,,,,,
787,0,0,,,,,
788,2,1,,,,,
789,1,1,,,,,
790,2,2,,,,,
791,1,1,,,,,
792,1,2,,,,,
793,0,0,,,,,
794,0,1,,,,,
795,2,2,,,,,
796,1,1,,,,,
797,1,2,,,,,
798,1,1,,,,,
799,0,0,,,,,
800,1,2,,,,,
801,2,2,,,,,
802,0,0,,,,,
803,1,1,,,,,
804,0,1,,,,,
805,0,1,,,,,
806,0,2,,,,,
807,2,2,,,,,
808,2,1,,,,,
809,0,1,,,,,
810,2,1,,,,,
811,2,1,,,,,
812,0,2,,,,,
813,2,1,,,,,
814,0,0,,,,,
815,1,1,,,,,
816,1,1,,,,,
817,1,2,,,,,
818,1,2,,,,,
819,2,2,,,,,
820,1,1,,,,,
821,0,1,,,,,
822,1,1,,,,,
823,2,1,,,,,
824,0,1,,,,,
825,1,1,,,,,
826,0,2,,,,,
827,2,2,,,,,
828,0,2,,,,,
829,1,1,,,,,
830,0,1,,,,,
831,0,1,,,,,
832,0,2,,,,,
833,0,1,,,,,
834,1,2,,,,,
835,0,2,,,,,
836,2,2,,,,,
837,2,2,,,,,
838,1,2,,,,,
839,0,1,,,,,
840,2,2,,,,,
841,0,0,,,,,
842,1,1,,,,,
843,2,2,,,,,
844,0,1,,,,,
845,0,0,,,,,
846,2,2,,,,,
847,2,1,,,,,
848,1,0,,,,,
849,2,1,,,,,
850,2,1,,,,,
851,0,1,,,,,
852,0,1,,,,,
853,0,0,,,,,
854,0,1,,,,,
855,1,1,,,,,
856,0,1,,,,,
857,0,1,,,,,
858,1,1,,,,,
859,2,0,,,,,
860,0,1,,,,,
861,1,1,,,,,
862,0,1,,,,,
863,2,1,,,,,
864,2,1,,,,,
865,0,1,,,,,
866,0,1,,,,,
867,0,2,,,,,
868,1,1,,,,,
869,1,2,,,,,
870,2,1,,,,,
871,0,0,,,,,
872,1,1,,,,,
873,0,0,,,,,
874,1,2,,,,,
875,1,0,,,,,
876,0,1,,,,,
877,1,1,,,,,
878,0,1,,,,,
879,1,1,,,,,
880,1,2,,,,,
881,0,0,,,,,
882,2,1,,,,,
883,0,2,,,,,
884,0,1,,,,,
885,1,1,,,,,
886,0,1,,,,,
887,1,1,,,,,
888,0,1,,,,,
889,1,1,,,,,
890,0,0,,,,,
891,0,0,,,,,
892,0,0,,,,,
893,0,0,,,,,
894,0,0,,,,,
895,0,1,,,,,
896,2,1,,,,,
897,1,1,,,,,
898,0,1,,,,,
899,1,1,,,,,
900,2,2,,,,,
901,0,0,,,,,
902,0,0,,,,,
903,1,2,,,,,
904,0,1,,,,,
905,2,1,,,,,
906,0,1,,,,,
907,1,1,,,,,
908,0,0,,,,,
909,1,1,,,,,
910,0,0,,,,,
911,0,0,,,,,
912,0,2,,,,,
913,1,1,,,,,
914,0,0,,,,,
915,1,2,,,,,
916,2,1,,,,,
917,1,2,,,,,
918,1,1,,,,,
919,1,2,,,,,
920,0,1,,,,,
921,1,2,,,,,
922,1,1,,,,,
923,1,1,,,,,
924,0,1,,,,,
925,1,1,,,,,
926,0,1,,,,,
927,2,1,,,,,
928,1,1,,,,,
929,0,2,,,,,
930,1,1,,,,,
931,2,1,,,,,
932,2,1,,,,,
933,1,1,,,,,
934,1,1,,,,,
935,1,2,,,,,
936,2,1,,,,,
937,1,1,,,,,
938,0,1,,,,,
939,1,1,,,,,
940,1,1,,,,,
941,0,1,,,,,
942,1,1,,,,,
943,0,0,,,,,
944,0,0,,,,,
945,0,1,,,,,
946,2,2,,,,,
947,2,1,,,,,
948,0,0,,,,,
949,2,1,,,,,
950,2,1,,,,,
951,1,1,,,,,
952,1,1,,,,,
953,0,1,,,,,
954,0,1,,,,,
955,0,0,,,,,
956,2,0,,,,,
957,0,1,,,,,
958,1,1,,,,,
959,0,0,,,,,
960,1,1,,,,,
961,2,1,,,,,
962,1,1,,,,,
963,2,1,,,,,
964,0,1,,,,,
965,2,1,,,,,
966,2,1,,,,,
967,1,1,,,,,
968,2,1,,,,,
969,0,1,,,,,
970,0,2,,,,,
971,0,0,,,,,
972,0,0,,,,,
973,0,0,,,,,
974,1,1,,,,,
975,0,1,,,,,
976,1,1,,,,,
977,2,1,,,,,
978,1,1,,,,,
979,1,2,,,,,
980,1,2,,,,,
981,1,2,,,,,
982,0,0,,,,,
983,0,1,,,,,
984,0,0,,,,,
985,2,1,,,,,
986,0,0,,,,,
987,0,0,,,,,
988,1,1,,,,,
989,0,1,,,,,
990,2,1,,,,,
991,1,1,,,,,
992,2,1,,,,,
993,1,1,,,,,
994,2,1,,,,,
995,2,1,,,,,
996,2,1,,,,,
997,1,1,,,,,
998,0,1,,,,,
999,0,1,,,,,
1000,0,0,,,,,
1001,2,1,,,,,
1002,0,1,,,,,
1003,2,1,,,,,
1004,0,1,,,,,
1005,1,2,,,,,
1006,1,1,,,,,
1007,1,1,,,,,
1008,1,1,,,,,
1009,1,1,,,,,
1010,2,1,,,,,
1011,1,1,,,,,
1012,1,2,,,,,
1013,0,1,,,,,
1014,1,2,,,,,
1015,0,2,,,,,
1016,1,1,,,,,
1017,1,0,,,,,
1018,2,1,,,,,
1019,0,1,,,,,
1020,2,2,,,,,
1021,2,2,,,,,
1022,1,1,,,,,
1023,0,0,,,,,
1024,1,0,,,,,
1025,1,1,,,,,
1026,0,1,,,,,
1027,1,1,,,,,
1028,0,1,,,,,
1029,1,2,,,,,
1030,0,1,,,,,
1031,1,1,,,,,
1032,0,0,,,,,
1033,0,2,,,,,
1034,0,0,,,,,
1035,0,0,,,,,
1036,0,1,,,,,
1037,0,1,,,,,
1038,2,1,,,,,
1039,1,2,,,,,
1040,2,2,,,,,
1041,0,1,,,,,
1042,0,1,,,,,
1043,0,2,,,,,
1044,2,2,,,,,
1045,1,2,,,,,
1046,1,1,,,,,
1047,2,2,,,,,
1048,1,2,,,,,
1049,2,1,,,,,
1050,2,2,,,,,
1051,1,2,,,,,
1052,0,1,,,,,
1053,1,1,,,,,
1054,0,0,,,,,
1055,2,1,,,,,
1056,0,1,,,,,
1057,0,2,,,,,
1058,1,1,,,,,
1059,0,0,,,,,
1060,2,2,,,,,
1061,2,1,,,,,
1062,0,2,,,,,
1063,0,2,,,,,
1064,0,0,,,,,
1065,1,0,,,,,
1066,0,2,,,,,
1067,1,1,,,,,
1068,1,1,,,,,
1069,0,1,,,,,
1070,0,2,,,,,
1071,2,0,,,,,
1072,1,1,,,,,
1073,0,0,,,,,
1074,1,1,,,,,
1075,0,1,,,,,
1076,1,1,,,,,
1077,0,2,,,,,
1078,1,1,,,,,
1079,2,2,,,,,
1080,0,1,,,,,
1081,1,1,,,,,
1082,1,1,,,,,
1083,2,1,,,,,
1084,1,1,,,,,
1085,2,1,,,,,
1086,0,0,,,,,
1087,1,1,,,,,
1088,2,2,,,,,
1089,2,1,,,,,
1090,0,1,,,,,
1091,0,1,,,,,
1092,1,1,,,,,
1093,2,2,,,,,
1094,1,1,,,,,
1095,0,2,,,,,
1096,2,1,,,,,
1097,1,1,,,,,
1098,0,1,,,,,
1099,0,1,,,,,
1100,0,2,,,,,
1101,1,1,,,,,
1102,1,2,,,,,
1103,0,0,,,,,
1104,1,1,,,,,
1105,2,2,,,,,
1106,0,2,,,,,
1107,0,1,,,,,
1108,2,2,,,,,
1109,0,1,,,,,
1110,2,1,,,,,
1111,1,1,,,,,
1112,2,1,,,,,
1113,0,2,,,,,
1114,2,1,,,,,
1115,0,0,,,,,
1116,0,1,,,,,
1117,0,0,,,,,
1118,0,2,,,,,
1119,0,0,,,,,
1120,0,1,,,,,
1121,1,1,,,,,
1122,1,1,,,,,
1123,0,1,,,,,
1124,0,0,,,,,
1125,1,1,,,,,
1126,1,2,,,,,
1127,2,1,,,,,
1128,0,0,,,,,
1129,0,1,,,,,
1130,0,1,,,,,
1131,0,0,,,,,
1132,0,0,,,,,
1133,1,1,,,,,
1134,1,1,,,,,
1135,0,1,,,,,
1136,0,0,,,,,
1137,1,2,,,,,
1138,1,2,,,,,
1139,2,1,,,,,
1140,0,2,,,,,
1141,0,0,,,,,
1142,1,1,,,,,
1143,0,0,,,,,
1144,2,1,,,,,
1145,1,1,,,,,
1146,0,1,,,,,
1147,1,1,,,,,
1148,2,1,,,,,
1149,1,1,,,,,
1150,0,0,,,,,
1151,2,1,,,,,
1152,2,1,,,,,
1153,0,0,,,,,
1154,1,1,,,,,
1155,2,1,,,,,
1156,2,1,,,,,
1157,2,1,,,,,
1158,2,1,,,,,
1159,0,1,,,,,
1160,1,1,,,,,
1161,0,1,,,,,
1162,1,1,,,,,
1163,2,1,,,,,
1164,0,1,,,,,
1165,1,1,,,,,
1166,0,1,,,,,
1167,2,1,,,,,
1168,0,2,,,,,
1169,2,1,,,,,
1170,1,2,,,,,
1171,0,1,,,,,
1172,2,1,,,,,
1173,1,1,,,,,
1174,2,1,,,,,
1175,0,0,,,,,
1176,1,1,,,,,
1177,2,1,,,,,
1178,0,0,,,,,
1179,1,1,,,,,
1180,0,0,,,,,
1181,0,1,,,,,
1182,1,1,,,,,
1183,2,2,,,,,
1184,0,1,,,,,
1185,0,0,,,,,
1186,2,1,,,,,
1187,0,1,,,,,
1188,0,2,,,,,
1189,2,1,,,,,
1190,0,0,,,,,
1191,2,1,,,,,
1192,0,0,,,,,
1193,0,1,,,,,
1194,2,2,,,,,
1195,0,1,,,,,
1196,1,1,,,,,
1197,1,1,,,,,
1198,1,1,,,,,
1199,0,1,,,,,
1200,0,0,,,,,
1201,1,1,,,,,
1202,1,2,,,,,
1203,0,0,,,,,
1204,2,1,,,,,
1205,2,1,,,,,
1206,0,0,,,,,
1207,0,2,,,,,
1208,0,1,,,,,
1209,0,0,,,,,
1210,0,0,,,,,
1211,0,1,,,,,
1212,1,1,,,,,
1213,0,0,,,,,
1214,0,0,,,,,
1215,2,1,,,,,
1216,0,2,,,,,
1217,1,2,,,,,
1218,2,1,,,,,
1219,1,0,,,,,
1220,1,0,,,,,
1221,2,1,,,,,
1222,1,1,,,,,
1223,2,2,,,,,
1224,2,1,,,,,
1225,1,1,,,,,
1226,1,2,,,,,
1227,0,1,,,,,
1228,0,1,,,,,
1229,0,0,,,,,
1230,1,1,,,,,
1231,2,2,,,,,
1232,0,0,,,,,
1233,0,1,,,,,
1234,1,1,,,,,
1235,1,1,,,,,
1236,0,0,,,,,
1237,2,2,,,,,
1238,0,2,,,,,
1239,0,2,,,,,
1240,2,1,,,,,
1241,1,2,,,,,
1242,2,1,,,,,
1243,1,1,,,,,
1244,1,1,,,,,
1245,0,1,,,,,
1246,2,2,,,,,
1247,1,1,,,,,
1248,0,1,,,,,
1249,0,0,,,,,
1250,1,0,,,,,
1251,1,1,,,,,
1252,0,1,,,,,
1253,0,0,,,,,
1254,2,1,,,,,
1255,0,1,,,,,
1256,1,1,,,,,
1257,1,1,,,,,
1258,2,1,,,,,
1259,1,1,,,,,
1260,2,1,,,,,
1261,0,0,,,,,
1262,0,1,,,,,
1263,1,2,,,,,
1264,2,1,,,,,
1265,2,1,,,,,
1266,1,1,,,,,
1267,0,1,,,,,
1268,0,0,,,,,
1269,1,2,,,,,
1270,0,2,,,,,
1271,0,1,,,,,
1272,1,2,,,,,
1273,2,1,,,,,
1274,1,1,,,,,
1275,2,1,,,,,
1276,1,1,,,,,
1277,1,1,,,,,
1278,0,0,,,,,
1279,1,1,,,,,
1280,1,1,,,,,
1281,2,1,,,,,
1282,1,1,,,,,
1283,2,1,,,,,
1284,2,2,,,,,
1285,0,1,,,,,
1286,1,2,,,,,
1287,1,1,,,,,
1288,0,1,,,,,
1289,0,0,,,,,
1290,0,1,,,,,
1291,1,2,,,,,
1292,1,1,,,,,
1293,0,2,,,,,
1294,0,2,,,,,
1295,0,0,,,,,
1296,1,1,,,,,
1297,0,1,,,,,
1298,1,1,,,,,
1299,0,0,,,,,
1300,1,1,,,,,
1301,0,1,,,,,
1302,0,1,,,,,
1303,0,1,,,,,
1304,2,1,,,,,
1305,1,1,,,,,
1306,1,1,,,,,
1307,2,1,,,,,
1308,2,0,,,,,
1309,0,0,,,,,
1310,0,0,,,,,
1311,0,1,,,,,
1312,0,1,,,,,
1313,1,1,,,,,
1314,2,1,,,,,
1315,0,1,,,,,
1316,0,0,,,,,
1317,2,1,,,,,
1318,1,0,,,,,
1319,1,2,,,,,
1320,1,1,,,,,
1321,1,1,,,,,
1322,0,2,,,,,
1323,1,0,,,,,
1324,0,0,,,,,
1325,0,1,,,,,
1326,1,1,,,,,
1327,0,1,,,,,
1328,0,0,,,,,
1329,0,0,,,,,
1330,0,0,,,,,
1331,2,1,,,,,
1332,1,1,,,,,
1333,0,1,,,,,
1334,2,1,,,,,
1335,1,1,,,,,
1336,0,2,,,,,
1337,1,2,,,,,
1338,2,2,,,,,
1339,1,1,,,,,
1340,2,1,,,,,
1341,0,0,,,,,
1342,0,2,,,,,
1343,2,2,,,,,
1344,1,1,,,,,
1345,0,0,,,,,
1346,0,1,,,,,
1347,0,0,,,,,
1348,0,0,,,,,
1349,0,1,,,,,
1350,1,0,,,,,
1351,2,1,,,,,
1352,1,1,,,,,
1353,2,2,,,,,
1354,1,1,,,,,
1355,2,1,,,,,
1356,1,1,,,,,
1357,1,1,,,,,
1358,1,1,,,,,
1359,0,0,,,,,
1360,0,2,,,,,
1361,2,1,,,,,
1362,0,2,,,,,
1363,0,1,,,,,
1364,1,1,,,,,
1365,0,0,,,,,
1366,1,1,,,,,
1367,0,1,,,,,
1368,1,1,,,,,
1369,0,1,,,,,
1370,0,0,,,,,
1371,0,1,,,,,
1372,1,1,,,,,
1373,2,1,,,,,
1374,1,1,,,,,
1375,0,1,,,,,
1376,2,1,,,,,
1377,0,2,,,,,
1378,0,1,,,,,
1379,2,1,,,,,
1380,1,1,,,,,
1381,1,1,,,,,
1382,1,1,,,,,
1383,0,2,,,,,
1384,1,1,,,,,
1385,0,1,,,,,
1386,2,1,,,,,
1387,0,1,,,,,
1388,2,1,,,,,
1389,2,1,,,,,
1390,2,1,,,,,
1391,0,2,,,,,
1392,1,2,,,,,
1393,2,2,,,,,
1394,2,2,,,,,
1395,2,1,,,,,
1396,0,1,,,,,
1397,1,1,,,,,
1398,0,1,,,,,
1399,0,1,,,,,
1400,0,2,,,,,
1401,1,1,,,,,
1402,2,1,,,,,
1403,2,1,,,,,
1404,2,1,,,,,
1405,1,1,,,,,
1406,2,1,,,,,
1407,0,1,,,,,
1408,0,0,,,,,
1409,2,1,,,,,
1410,1,2,,,,,
1411,2,2,,,,,
1412,2,1,,,,,
1413,0,1,,,,,
1414,2,1,,,,,
1415,0,1,,,,,
1416,0,2,,,,,
1417,1,1,,,,,
1418,1,1,,,,,
1419,0,0,,,,,
1420,2,1,,,,,
1421,2,1,,,,,
1422,1,1,,,,,
1423,2,0,,,,,
1424,1,1,,,,,
1425,2,2,,,,,
1426,1,1,,,,,
1427,0,2,,,,,
1428,0,0,,,,,
1429,0,1,,,,,
1430,1,1,,,,,
1431,2,2,,,,,
1432,0,2,,,,,
1433,0,0,,,,,
1434,0,1,,,,,
1435,2,1,,,,,
1436,0,0,,,,,
1437,0,0,,,,,
1438,1,0,,,,,
1439,1,1,,,,,
1440,1,1,,,,,
1441,0,1,,,,,
1442,0,0,,,,,
1443,2,2,,,,,
1444,0,0,,,,,
1445,1,2,,,,,
1446,0,0,,,,,
1447,0,2,,,,,
1448,0,0,,,,,
1449,1,1,,,,,
1450,0,2,,,,,
1451,2,1,,,,,
1452,2,1,,,,,
1453,0,1,,,,,
1454,1,1,,,,,
1455,0,1,,,,,
1456,0,0,,,,,
1457,2,1,,,,,
1458,1,1,,,,,
1459,0,2,,,,,
1460,0,0,,,,,
1461,2,1,,,,,
1462,2,2,,,,,
1463,0,0,,,,,
1464,0,0,,,,,
1465,1,1,,,,,
1466,0,0,,,,,
1467,0,1,,,,,
1468,0,0,,,,,
1469,2,1,,,,,
1470,1,1,,,,,
1471,0,1,,,,,
1472,2,2,,,,,
1473,0,1,,,,,
1474,2,1,,,,,
1475,0,0,,,,,
1476,1,1,,,,,
1477,1,1,,,,,
1478,2,2,,,,,
1479,1,1,,,,,
1480,0,1,,,,,
1481,1,0,,,,,
1482,2,1,,,,,
1483,1,1,,,,,
1484,2,1,,,,,
1485,2,1,,,,,
1486,1,2,,,,,
1487,0,0,,,,,
1488,2,0,,,,,
1489,1,1,,,,,
1490,0,2,,,,,
1491,1,1,,,,,
1492,2,1,,,,,
1493,1,2,,,,,
1494,0,2,,,,,
1495,1,1,,,,,
1496,1,1,,,,,
1497,0,0,,,,,
1498,0,0,,,,,
1499,2,0,,,,,
1500,1,1,,,,,
1501,0,1,,,,,
1502,2,1,,,,,
1503,0,0,,,,,
1504,2,1,,,,,
1505,2,1,,,,,
1506,0,0,,,,,
1507,2,2,,,,,
1508,0,1,,,,,
1509,1,2,,,,,
1510,0,1,,,,,
1511,0,2,,,,,
1512,2,1,,,,,
1513,1,2,,,,,
1514,1,1,,,,,
1515,0,1,,,,,
1516,0,2,,,,,
1517,1,1,,,,,
1518,1,1,,,,,
1519,2,1,,,,,
1520,0,0,,,,,
1521,0,1,,,,,
1522,1,1,,,,,
1523,2,1,,,,,
1524,2,1,,,,,
1525,0,2,,,,,
1526,2,2,,,,,
1527,0,1,,,,,
1528,1,1,,,,,
1529,0,1,,,,,
1530,1,0,,,,,
1531,1,1,,,,,
1532,1,1,,,,,
1533,0,1,,,,,
1534,0,1,,,,,
1535,0,1,,,,,
1536,1,1,,,,,
1537,2,1,,,,,
1538,2,1,,,,,
1539,2,1,,,,,
1540,0,2,,,,,
1541,0,1,,,,,
1542,2,1,,,,,
1543,1,1,,,,,
1544,0,1,,,,,
1545,2,1,,,,,
1546,1,1,,,,,
1547,2,1,,,,,
1548,1,2,,,,,
1549,1,1,,,,,
1550,1,1,,,,,
1551,0,1,,,,,
1552,2,2,,,,,
1553,2,1,,,,,
1554,1,1,,,,,
1555,2,1,,,,,
1556,0,0,,,,,
1557,1,1,,,,,
1558,0,0,,,,,
1559,1,1,,,,,
1560,0,1,,,,,
1561,0,0,,,,,
1562,1,1,,,,,
1563,1,2,,,,,
1564,0,1,,,,,
1565,2,1,,,,,
1566,0,0,,,,,
1567,2,1,,,,,
1568,0,0,,,,,
1569,2,1,,,,,
1570,0,0,,,,,
1571,0,1,,,,,
1572,2,2,,,,,
1573,1,1,,,,,
1574,2,1,,,,,
1575,0,1,,,,,
1576,0,2,,,,,
1577,0,1,,,,,
1578,2,1,,,,,
1579,1,1,,,,,
1580,2,2,,,,,
1581,2,1,,,,,
1582,1,1,,,,,
1583,1,0,,,,,
1584,1,1,,,,,
1585,0,1,,,,,
1586,1,1,,,,,
1587,2,2,,,,,
1588,2,1,,,,,
1589,0,0,,,,,
1590,2,1,,,,,
1591,2,2,,,,,
1592,2,1,,,,,
1593,0,0,,,,,
1594,1,1,,,,,
1595,1,1,,,,,
1596,2,1,,,,,
1597,2,2,,,,,
1598,2,1,,,,,
1599,1,1,,,,,
1600,2,1,,,,,
1601,1,1,,,,,
1602,2,1,,,,,
1603,0,1,,,,,
1604,0,1,,,,,
1605,1,1,,,,,
1606,0,0,,,,,
1607,0,0,,,,,
1608,2,2,,,,,
1609,2,1,,,,,
1610,2,1,,,,,
1611,2,1,,,,,
1612,1,1,,,,,
1613,2,2,,,,,
1614,1,1,,,,,
1615,0,0,,,,,
1616,2,2,,,,,
1617,2,1,,,,,
1618,2,1,,,,,
1619,0,1,,,,,
1620,1,2,,,,,
1621,1,0,,,,,
1622,0,1,,,,,
1623,2,1,,,,,
1624,2,1,,,,,
1625,1,2,,,,,
1626,0,0,,,,,
1627,1,1,,,,,
1628,2,1,,,,,
1629,2,2,,,,,
1630,0,1,,,,,
1631,0,1,,,,,
1632,0,2,,,,,
1633,0,2,,,,,
1634,0,1,,,,,
1635,0,2,,,,,
1636,0,1,,,,,
1637,1,2,,,,,
1638,0,0,,,,,
1639,0,0,,,,,
1640,2,1,,,,,
1641,0,1,,,,,
1642,2,1,,,,,
1643,0,0,,,,,
1644,0,1,,,,,
1645,1,2,,,,,
1646,2,1,,,,,
1647,2,2,,,,,
1648,1,1,,,,,
1649,1,1,,,,,
1650,0,1,,,,,
1651,2,1,,,,,
1652,0,1,,,,,
1653,0,0,,,,,
1654,2,1,,,,,
1655,1,1,,,,,
1656,1,1,,,,,
1657,2,1,,,,,
1658,1,1,,,,,
1659,2,1,,,,,
1660,2,1,,,,,
1661,1,1,,,,,
1662,0,1,,,,,
1663,2,1,,,,,
1664,1,1,,,,,
1665,1,0,,,,,
1666,1,1,,,,,
1667,0,2,,,,,
1668,1,0,,,,,
1669,0,0,,,,,
1670,1,1,,,,,
1671,2,2,,,,,
1672,0,0,,,,,
1673,0,0,,,,,
1674,1,1,,,,,
1675,1,1,,,,,
1676,0,2,,,,,
1677,1,1,,,,,
1678,1,2,,,,,
1679,2,1,,,,,
1680,1,1,,,,,
1681,0,1,,,,,
1682,0,2,,,,,
1683,0,0,,,,,
1684,1,1,,,,,
1685,0,0,,,,,
1686,0,0,,,,,
1687,2,1,,,,,
1688,0,1,,,,,
1689,0,0,,,,,
1690,1,1,,,,,
1691,1,0,,,,,
1692,1,1,,,,,
1693,1,1,,,,,
1694,2,1,,,,,
1695,2,1,,,,,
1696,1,1,,,,,
1697,1,1,,,,,
1698,0,0,,,,,
1699,1,2,,,,,
1700,1,2,,,,,
1701,2,2,,,,,
1702,0,1,,,,,
1703,1,1,,,,,
1704,1,1,,,,,
1705,0,2,,,,,
1706,0,0,,,,,
1707,2,1,,,,,
1708,0,1,,,,,
1709,2,1,,,,,
1710,0,1,,,,,
1711,1,2,,,,,
1712,0,1,,,,,
1713,1,1,,,,,
1714,0,0,,,,,
1715,1,1,,,,,
1716,2,1,,,,,
1717,0,0,,,,,
1718,2,2,,,,,
1719,1,1,,,,,
1720,2,1,,,,,
1721,0,2,,,,,
1722,0,0,,,,,
1723,1,2,,,,,
1724,1,1,,,,,
1725,0,2,,,,,
1726,0,0,,,,,
1727,1,1,,,,,
1728,0,2,,,,,
1729,0,1,,,,,
1730,0,0,,,,,
1731,0,1,,,,,
1732,0,1,,,,,
1733,1,1,,,,,
1734,2,1,,,,,
1735,2,1,,,,,
1736,1,2,,,,,
1737,1,1,,,,,
1738,0,1,,,,,
1739,1,2,,,,,
1740,2,1,,,,,
1741,0,1,,,,,
1742,1,2,,,,,
1743,0,1,,,,,
1744,0,2,,,,,
1745,0,0,,,,,
1746,1,1,,,,,
1747,1,1,,,,,
1748,1,2,,,,,
1749,2,1,,,,,
1750,1,1,,,,,
1751,1,1,,,,,
1752,0,0,,,,,
1753,2,1,,,,,
1754,2,1,,,,,
1755,1,2,,,,,
1756,0,0,,,,,
1757,1,1,,,,,
1758,0,1,,,,,
1759,0,2,,,,,
1760,0,0,,,,,
1761,1,1,,,,,
1762,0,1,,,,,
1763,0,2,,,,,
1764,2,0,,,,,
1765,0,0,,,,,
1766,2,1,,,,,
1767,0,0,,,,,
1768,1,1,,,,,
1769,2,1,,,,,
1770,1,1,,,,,
1771,2,1,,,,,
1772,2,1,,,,,
1773,0,2,,,,,
1774,0,1,,,,,
1775,1,1,,,,,
1776,0,1,,,,,
1777,0,0,,,,,
1778,1,1,,,,,
1779,1,2,,,,,
1780,1,1,,,,,
1781,0,0,,,,,
1782,1,1,,,,,
1783,0,2,,,,,
1784,1,2,,,,,
1785,1,1,,,,,
1786,0,0,,,,,
1787,1,1,,,,,
1788,2,1,,,,,
1789,0,1,,,,,
1790,0,1,,,,,
1791,1,2,,,,,
1792,0,1,,,,,
1793,0,1,,,,,
1794,1,1,,,,,
1795,0,2,,,,,
1796,2,0,,,,,
1797,0,0,,,,,
1798,0,1,,,,,
1799,2,2,,,,,
1800,0,1,,,,,
1801,0,2,,,,,
1802,1,1,,,,,
1803,2,2,,,,,
1804,0,0,,,,,
1805,0,0,,,,,
1806,2,1,,,,,
1807,0,0,,,,,
1808,0,1,,,,,
1809,2,2,,,,,
1810,0,1,,,,,
1811,0,1,,,,,
1812,1,1,,,,,
1813,0,0,,,,,
1814,0,2,,,,,
1815,2,2,,,,,
1816,0,1,,,,,
1817,1,1,,,,,
1818,1,1,,,,,
1819,0,2,,,,,
1820,0,2,,,,,
1821,2,1,,,,,
1822,1,1,,,,,
1823,1,1,,,,,
1824,0,2,,,,,
1825,0,1,,,,,
1826,1,2,,,,,
1827,2,1,,,,,
1828,0,2,,,,,
1829,0,0,,,,,
1830,0,0,,,,,
1831,0,2,,,,,
1832,1,1,,,,,
1833,2,2,,,,,
1834,1,2,,,,,
1835,2,2,,,,,
1836,1,1,,,,,
1837,2,2,,,,,
1838,2,1,,,,,
1839,1,1,,,,,
1840,0,0,,,,,
1841,1,1,,,,,
1842,0,2,,,,,
1843,0,1,,,,,
1844,0,1,,,,,
1845,2,2,,,,,
1846,0,1,,,,,
1847,1,0,,,,,
1848,0,2,,,,,
1849,0,1,,,,,
1850,2,1,,,,,
1851,0,1,,,,,
1852,1,1,,,,,
1853,2,2,,,,,
1854,2,2,,,,,
1855,0,0,,,,,
1856,0,1,,,,,
1857,0,1,,,,,
1858,0,2,,,,,
1859,1,0,,,,,
1860,0,0,,,,,
1861,2,1,,,,,
1862,0,0,,,,,
1863,1,1,,,,,
1864,0,1,,,,,
1865,1,1,,,,,
1866,0,1,,,,,
1867,0,1,,,,,
1868,2,1,,,,,
1869,2,1,,,,,
1870,0,2,,,,,
1871,2,2,,,,,
1872,0,0,,,,,
1873,0,1,,,,,
1874,0,2,,,,,
1875,0,0,,,,,
1876,1,2,,,,,
1877,2,1,,,,,
1878,1,1,,,,,
1879,0,1,,,,,
1880,0,1,,,,,
1881,1,1,,,,,
1882,2,1,,,,,
1883,1,1,,,,,
1884,1,1,,,,,
1885,2,1,,,,,
1886,1,2,,,,,
1887,2,2,,,,,
1888,2,1,,,,,
1889,0,0,,,,,
1890,2,1,,,,,
1891,0,0,,,,,
1892,1,0,,,,,
1893,1,2,,,,,
1894,0,0,,,,,
1895,0,0,,,,,
1896,0,2,,,,,
1897,2,2,,,,,
1898,2,1,,,,,
1899,1,1,,,,,
1900,0,2,,,,,
1901,2,2,,,,,
1902,2,1,,,,,
1903,0,2,,,,,
1904,2,1,,,,,
1905,0,2,,,,,
1906,2,1,,,,,
1907,0,1,,,,,
1908,1,2,,,,,
1909,0,1,,,,,
1910,0,0,,,,,
1911,0,2,,,,,
1912,0,0,,,,,
1913,1,1,,,,,
1914,0,0,,,,,
1915,2,2,,,,,
1916,0,1,,,,,
1917,1,1,,,,,
1918,0,1,,,,,
1919,0,2,,,,,
1920,2,1,,,,,
1921,1,1,,,,,
1922,2,1,,,,,
1923,0,2,,,,,
1924,2,1,,,,,
1925,2,0,,,,,
1926,2,2,,,,,
1927,1,2,,,,,
1928,0,1,,,,,
1929,1,2,,,,,
1930,2,2,,,,,
1931,2,1,,,,,
1932,1,2,,,,,
1933,1,1,,,,,
1934,0,1,,,,,
1935,0,2,,,,,
1936,2,1,,,,,
1937,0,2,,,,,
1938,0,0,,,,,
1939,0,0,,,,,
1940,0,1,,,,,
1941,0,1,,,,,
1942,1,2,,,,,
1943,1,2,,,,,
1944,2,2,,,,,
1945,0,0,,,,,
1946,1,2,,,,,
1947,0,1,,,,,
1948,0,0,,,,,
1949,1,1,,,,,
1950,2,1,,,,,
1951,2,1,,,,,
1952,0,1,,,,,
1953,1,1,,,,,
1954,2,1,,,,,
1955,0,0,,,,,
1956,0,0,,,,,
1957,1,1,,,,,
1958,0,1,,,,,
1959,0,1,,,,,
1960,1,1,,,,,
1961,2,1,,,,,
1962,0,1,,,,,
1963,0,1,,,,,
1964,1,1,,,,,
1965,0,2,,,,,
1966,0,1,,,,,
1967,0,0,,,,,
1968,0,0,,,,,
1969,2,1,,,,,
1970,1,1,,,,,
1971,0,0,,,,,
1972,1,1,,,,,
1973,1,2,,,,,
1974,1,1,,,,,
1975,1,2,,,,,
1976,2,1,,,,,
1977,2,1,,,,,
1978,1,1,,,,,
1979,0,1,,,,,
1980,1,1,,,,,
1981,0,1,,,,,
1982,0,2,,,,,
1983,2,1,,,,,
1984,1,0,,,,,
1985,1,2,,,,,
1986,0,2,,,,,
1987,0,0,,,,,
1988,1,2,,,,,
1989,0,2,,,,,
1990,0,0,,,,,
1991,0,2,,,,,
1992,0,1,,,,,
1993,0,0,,,,,
1994,0,1,,,,,
1995,2,1,,,,,
1996,0,2,,,,,
1997,0,0,,,,,
1998,1,1,,,,,
1999,0,1,,,,,
2000,0,0,,,,,
2001,2,1,,,,,
2002,1,1,,,,,
2003,0,1,,,,,
2004,0,0,,,,,
2005,1,1,,,,,
2006,2,1,,,,,
2007,0,0,,,,,
2008,0,0,,,,,
2009,2,1,,,,,
2010,2,1,,,,,
2011,1,1,,,,,
2012,0,1,,,,,
2013,2,1,,,,,
2014,0,0,,,,,
2015,0,2,,,,,
2016,1,1,,,,,
2017,1,2,,,,,
2018,2,1,,,,,
2019,2,2,,,,,
2020,2,1,,,,,
2021,1,1,,,,,
2022,2,1,,,,,
2023,1,2,,,,,
2024,1,1,,,,,
2025,0,1,,,,,
2026,1,1,,,,,
2027,0,1,,,,,
2028,1,1,,,,,
2029,0,0,,,,,
2030,0,2,,,,,
2031,0,1,,,,,
2032,0,1,,,,,
2033,1,1,,,,,
2034,0,1,,,,,
2035,2,1,,,,,
2036,0,1,,,,,
2037,1,1,,,,,
2038,2,1,,,,,
2039,1,1,,,,,
2040,2,1,,,,,
2041,0,2,,,,,
2042,2,2,,,,,
2043,1,1,,,,,
2044,2,1,,,,,
2045,1,1,,,,,
2046,0,2,,,,,
2047,0,0,,,,,
2048,2,2,,,,,
2049,1,1,,,,,
2050,0,2,,,,,
2051,1,2,,,,,
2052,0,0,,,,,
2053,0,2,,,,,
2054,0,1,,,,,
2055,2,1,,,,,
2056,1,1,,,,,
2057,1,2,,,,,
2058,1,1,,,,,
2059,1,1,,,,,
2060,0,2,,,,,
2061,0,1,,,,,
2062,2,2,,,,,
2063,0,1,,,,,
2064,2,1,,,,,
2065,0,1,,,,,
2066,0,2,,,,,
2067,2,1,,,,,
2068,0,1,,,,,
2069,0,1,,,,,
2070,0,0,,,,,
2071,2,1,,,,,
2072,0,1,,,,,
2073,1,1,,,,,
2074,2,2,,,,,
2075,0,1,,,,,
2076,2,1,,,,,
2077,1,1,,,,,
2078,1,1,,,,,
2079,0,0,,,,,
2080,0,0,,,,,
2081,2,1,,,,,
2082,2,1,,,,,
2083,1,2,,,,,
2084,1,2,,,,,
2085,2,1,,,,,
2086,2,1,,,,,
2087,0,1,,,,,
2088,1,1,,,,,
2089,1,1,,,,,
2090,0,1,,,,,
2091,1,1,,,,,
2092,0,1,,,,,
2093,2,1,,,,,
2094,1,1,,,,,
2095,0,1,,,,,
2096,0,0,,,,,
2097,1,2,,,,,
2098,2,2,,,,,
2099,0,1,,,,,
2100,1,2,,,,,
2101,2,1,,,,,
2102,0,2,,,,,
2103,0,2,,,,,
2104,1,1,,,,,
2105,0,2,,,,,
2106,0,1,,,,,
2107,0,0,,,,,
2108,2,1,,,,,
2109,0,1,,,,,
2110,1,1,,,,,
2111,0,2,,,,,
2112,1,0,,,,,
2113,1,1,,,,,
2114,0,2,,,,,
2115,1,1,,,,,
2116,0,2,,,,,
2117,1,1,,,,,
2118,0,0,,,,,
2119,2,1,,,,,
2120,0,1,,,,,
2121,2,1,,,,,
2122,2,1,,,,,
2123,0,2,,,,,
2124,1,1,,,,,
2125,1,1,,,,,
2126,0,1,,,,,
2127,0,2,,,,,
2128,0,2,,,,,
2129,0,0,,,,,
2130,1,2,,,,,
2131,2,2,,,,,
2132,1,1,,,,,
2133,1,2,,,,,
2134,0,2,,,,,
2135,0,1,,,,,
2136,1,1,,,,,
2137,2,1,,,,,
2138,1,1,,,,,
2139,0,1,,,,,
2140,1,1,,,,,
2141,0,1,,,,,
2142,2,1,,,,,
2143,0,0,,,,,
2144,0,1,,,,,
2145,0,1,,,,,
2146,0,1,,,,,
2147,2,1,,,,,
2148,0,0,,,,,
2149,1,1,,,,,
2150,1,1,,,,,
2151,1,2,,,,,
2152,1,2,,,,,
2153,1,1,,,,,
2154,2,1,,,,,
2155,2,1,,,,,
2156,2,1,,,,,
2157,0,2,,,,,
2158,0,0,,,,,
2159,0,1,,,,,
2160,0,1,,,,,
2161,2,1,,,,,
2162,1,1,,,,,
2163,0,2,,,,,
2164,2,1,,,,,
2165,2,1,,,,,
2166,1,1,,,,,
2167,2,2,,,,,
2168,0,1,,,,,
2169,0,1,,,,,
2170,2,1,,,,,
2171,0,0,,,,,
2172,0,0,,,,,
2173,0,1,,,,,
2174,2,2,,,,,
2175,0,1,,,,,
2176,2,2,,,,,
2177,0,1,,,,,
2178,0,1,,,,,
2179,1,1,,,,,
2180,1,2,,,,,
2181,2,1,,,,,
2182,1,1,,,,,
2183,2,2,,,,,
2184,2,1,,,,,
2185,0,1,,,,,
2186,0,1,,,,,
2187,1,0,,,,,
2188,1,1,,,,,
2189,0,1,,,,,
2190,1,1,,,,,
2191,2,2,,,,,
2192,0,0,,,,,
2193,0,1,,,,,
2194,0,0,,,,,
2195,0,1,,,,,
2196,1,1,,,,,
2197,2,1,,,,,
2198,2,1,,,,,
2199,1,1,,,,,
2200,1,1,,,,,
2201,2,1,,,,,
2202,2,1,,,,,
2203,1,1,,,,,
2204,2,1,,,,,
2205,1,1,,,,,
2206,2,1,,,,,
2207,0,1,,,,,
2208,0,0,,,,,
2209,1,1,,,,,
2210,0,1,,,,,
2211,1,2,,,,,
2212,1,1,,,,,
2213,0,0,,,,,
2214,1,2,,,,,
2215,1,1,,,,,
2216,0,1,,,,,
2217,1,1,,,,,
2218,2,1,,,,,
2219,0,1,,,,,
2220,0,2,,,,,
2221,2,1,,,,,
2222,1,1,,,,,
2223,2,1,,,,,
2224,0,1,,,,,
2225,1,1,,,,,
2226,2,1,,,,,
2227,0,1,,,,,
2228,1,1,,,,,
2229,0,1,,,,,
2230,0,0,,,,,
2231,0,1,,,,,
2232,2,2,,,,,
2233,1,1,,,,,
2234,1,1,,,,,
2235,1,1,,,,,
2236,0,1,,,,,
2237,0,0,,,,,
2238,1,1,,,,,
2239,0,2,,,,,
2240,0,1,,,,,
2241,1,1,,,,,
2242,1,1,,,,,
2243,2,1,,,,,
2244,1,2,,,,,
2245,1,1,,,,,
2246,1,1,,,,,
2247,2,1,,,,,
2248,1,1,,,,,
2249,1,1,,,,,
2250,1,1,,,,,
2251,1,1,,,,,
2252,2,1,,,,,
2253,2,2,,,,,
2254,1,2,,,,,
2255,1,1,,,,,
2256,1,0,,,,,
2257,0,0,,,,,
2258,2,1,,,,,
2259,1,2,,,,,
2260,2,1,,,,,
2261,0,1,,,,,
2262,2,1,,,,,
2263,1,1,,,,,
2264,0,1,,,,,
2265,1,1,,,,,
2266,0,1,,,,,
2267,2,1,,,,,
2268,2,1,,,,,
2269,2,2,,,,,
2270,2,1,,,,,
2271,1,1,,,,,
2272,1,2,,,,,
2273,0,0,,,,,
2274,0,2,,,,,
2275,0,2,,,,,
2276,0,1,,,,,
2277,2,1,,,,,
2278,1,1,,,,,
2279,1,1,,,,,
2280,1,2,,,,,
2281,0,0,,,,,
2282,0,0,,,,,
2283,1,0,,,,,
2284,0,1,,,,,
2285,0,2,,,,,
2286,2,1,,,,,
2287,2,1,,,,,
2288,0,2,,,,,
2289,2,0,,,,,
2290,0,0,,,,,
2291,1,1,,,,,
2292,1,1,,,,,
2293,1,2,,,,,
2294,2,1,,,,,
2295,1,1,,,,,
2296,1,2,,,,,
2297,2,2,,,,,
2298,1,1,,,,,
2299,1,1,,,,,
2300,1,1,,,,,
2301,0,1,,,,,
2302,2,1,,,,,
2303,0,0,,,,,
2304,1,1,,,,,
2305,0,0,,,,,
2306,2,1,,,,,
2307,0,0,,,,,
2308,1,1,,,,,
2309,0,1,,,,,
2310,2,1,,,,,
2311,0,0,,,,,
2312,1,2,,,,,
2313,0,0,,,,,
2314,1,1,,,,,
2315,0,1,,,,,
2316,0,1,,,,,
2317,0,2,,,,,
2318,0,1,,,,,
2319,1,1,,,,,
2320,1,1,,,,,
2321,0,1,,,,,
2322,2,1,,,,,
2323,1,2,,,,,
2324,0,0,,,,,
2325,2,1,,,,,
2326,2,2,,,,,
2327,2,2,,,,,
2328,1,1,,,,,
2329,0,1,,,,,
2330,1,1,,,,,
2331,1,1,,,,,
2332,0,1,,,,,
2333,1,2,,,,,
2334,1,1,,,,,
2335,1,1,,,,,
2336,2,2,,,,,
2337,0,1,,,,,
2338,2,1,,,,,
2339,2,1,,,,,
2340,1,1,,,,,
2341,0,1,,,,,
2342,1,2,,,,,
2343,2,1,,,,,
2344,2,1,,,,,
2345,1,1,,,,,
2346,0,0,,,,,
2347,0,1,,,,,
2348,2,2,,,,,
2349,0,0,,,,,
2350,2,2,,,,,
2351,1,2,,,,,
2352,0,1,,,,,
2353,2,2,,,,,
2354,2,1,,,,,
2355,1,1,,,,,
2356,1,1,,,,,
2357,1,1,,,,,
2358,2,1,,,,,
2359,1,2,,,,,
2360,2,2,,,,,
2361,0,2,,,,,
2362,0,2,,,,,
2363,2,1,,,,,
2364,1,1,,,,,
2365,2,1,,,,,
2366,0,2,,,,,
2367,0,0,,,,,
2368,1,1,,,,,
2369,1,1,,,,,
2370,2,2,,,,,
2371,0,1,,,,,
2372,1,1,,,,,
2373,2,1,,,,,
2374,1,1,,,,,
2375,0,1,,,,,
2376,2,1,,,,,
2377,0,0,,,,,
2378,2,2,,,,,
2379,0,2,,,,,
2380,1,2,,,,,
2381,2,1,,,,,
2382,1,2,,,,,
2383,0,0,,,,,
2384,1,1,,,,,
2385,1,1,,,,,
2386,0,1,,,,,
2387,1,0,,,,,
2388,1,2,,,,,
2389,2,1,,,,,
2390,2,1,,,,,
2391,0,1,,,,,
2392,0,1,,,,,
2393,0,1,,,,,
2394,0,0,,,,,
2395,0,0,,,,,
2396,0,1,,,,,
2397,1,1,,,,,
2398,2,1,,,,,
2399,0,0,,,,,
2400,2,1,,,,,
2401,1,1,,,,,
2402,0,0,,,,,
2403,2,1,,,,,
2404,0,1,,,,,
2405,1,1,,,,,
2406,2,1,,,,,
2407,0,0,,,,,
2408,2,1,,,,,
2409,0,1,,,,,
2410,2,1,,,,,
2411,2,1,,,,,
2412,2,2,,,,,
2413,2,2,,,,,
2414,1,1,,,,,
2415,2,1,,,,,
2416,1,1,,,,,
2417,2,1,,,,,
2418,2,2,,,,,
2419,1,2,,,,,
2420,1,1,,,,,
2421,1,1,,,,,
2422,2,2,,,,,
2423,1,1,,,,,
2424,0,0,,,,,
2425,2,1,,,,,
2426,0,2,,,,,
2427,0,1,,,,,
2428,2,1,,,,,
2429,0,0,,,,,
2430,1,0,,,,,
2431,1,1,,,,,
2432,1,1,,,,,
2433,1,2,,,,,
2434,1,1,,,,,
2435,0,0,,,,,
2436,1,1,,,,,
2437,2,1,,,,,
2438,1,1,,,,,
2439,2,2,,,,,
2440,2,2,,,,,
2441,0,2,,,,,
2442,1,1,,,,,
2443,1,1,,,,,
2444,2,1,,,,,
2445,1,1,,,,,
2446,1,2,,,,,
2447,2,1,,,,,
2448,0,0,,,,,
2449,1,2,,,,,
2450,1,2,,,,,
2451,0,1,,,,,
2452,1,1,,,,,
2453,1,1,,,,,
2454,2,1,,,,,
2455,0,0,,,,,
2456,1,2,,,,,
2457,1,1,,,,,
2458,1,1,,,,,
2459,1,1,,,,,
2460,0,1,,,,,
2461,2,1,,,,,
2462,0,1,,,,,
2463,0,1,,,,,
2464,0,1,,,,,
2465,2,1,,,,,
2466,1,1,,,,,
2467,0,0,,,,,
2468,0,0,,,,,
2469,0,0,,,,,
2470,0,1,,,,,
2471,2,1,,,,,
2472,0,1,,,,,
2473,2,1,,,,,
2474,0,1,,,,,
2475,0,1,,,,,
2476,0,0,,,,,
2477,1,1,,,,,
2478,0,2,,,,,
2479,0,2,,,,,
2480,2,1,,,,,
2481,2,1,,,,,
2482,2,1,,,,,
2483,2,1,,,,,
2484,0,0,,,,,
2485,2,1,,,,,
2486,0,1,,,,,
2487,2,1,,,,,
2488,0,1,,,,,
2489,2,1,,,,,
2490,0,1,,,,,
2491,0,1,,,,,
2492,0,0,,,,,
2493,2,1,,,,,
2494,2,1,,,,,
2495,2,1,,,,,
2496,0,2,,,,,
2497,2,2,,,,,
2498,1,2,,,,,
2499,1,0,,,,,
2500,0,1,,,,,
2501,1,1,,,,,
2502,0,1,,,,,
2503,1,1,,,,,
2504,1,1,,,,,
2505,1,0,,,,,
2506,2,1,,,,,
2507,1,1,,,,,
2508,1,1,,,,,
2509,2,1,,,,,
2510,1,2,,,,,
2511,0,2,,,,,
2512,2,1,,,,,
2513,0,2,,,,,
2514,0,1,,,,,
2515,0,1,,,,,
2516,1,1,,,,,
2517,0,1,,,,,
2518,1,1,,,,,
2519,1,1,,,,,
2520,0,2,,,,,
2521,2,2,,,,,
2522,1,1,,,,,
2523,1,1,,,,,
2524,1,1,,,,,
2525,1,1,,,,,
2526,0,2,,,,,
2527,1,1,,,,,
2528,2,1,,,,,
2529,0,2,,,,,
2530,1,1,,,,,
2531,1,1,,,,,
2532,1,2,,,,,
2533,1,1,,,,,
2534,2,1,,,,,
2535,0,1,,,,,
2536,1,2,,,,,
2537,0,0,,,,,
2538,1,2,,,,,
2539,1,0,,,,,
2540,0,2,,,,,
2541,1,1,,,,,
2542,1,1,,,,,
2543,2,2,,,,,
2544,0,1,,,,,
2545,1,1,,,,,
2546,1,1,,,,,
2547,2,1,,,,,
2548,0,0,,,,,
2549,0,2,,,,,
2550,2,1,,,,,
2551,1,1,,,,,
2552,1,1,,,,,
2553,1,2,,,,,
2554,1,1,,,,,
2555,1,1,,,,,
2556,0,1,,,,,
2557,0,2,,,,,
2558,1,2,,,,,
2559,0,0,,,,,
2560,2,1,,,,,
2561,2,1,,,,,
2562,0,1,,,,,
2563,0,0,,,,,
2564,0,0,,,,,
2565,1,1,,,,,
2566,1,2,,,,,
2567,0,1,,,,,
2568,2,1,,,,,
2569,0,1,,,,,
2570,0,0,,,,,
2571,2,2,,,,,
2572,0,0,,,,,
2573,2,2,,,,,
2574,1,1,,,,,
2575,1,1,,,,,
2576,2,1,,,,,
2577,1,1,,,,,
2578,0,1,,,,,
2579,2,1,,,,,
2580,1,1,,,,,
2581,2,1,,,,,
2582,0,2,,,,,
2583,2,1,,,,,
2584,2,2,,,,,
2585,1,1,,,,,
2586,0,1,,,,,
2587,0,1,,,,,
2588,1,1,,,,,
2589,0,0,,,,,
2590,0,1,,,,,
2591,1,1,,,,,
2592,0,1,,,,,
2593,0,1,,,,,
2594,1,1,,,,,
2595,1,1,,,,,
2596,1,1,,,,,
2597,1,2,,,,,
2598,2,1,,,,,
2599,2,1,,,,,
2600,0,0,,,,,
2601,2,1,,,,,
2602,1,2,,,,,
2603,0,1,,,,,
2604,1,1,,,,,
2605,2,2,,,,,
2606,0,1,,,,,
2607,1,2,,,,,
2608,1,1,,,,,
2609,0,0,,,,,
2610,1,1,,,,,
2611,1,1,,,,,
2612,0,0,,,,,
2613,0,0,,,,,
2614,2,1,,,,,
2615,0,2,,,,,
2616,1,1,,,,,
2617,1,1,,,,,
2618,1,1,,,,,
2619,1,1,,,,,
2620,2,1,,,,,
2621,0,1,,,,,
2622,0,1,,,,,
2623,0,2,,,,,
2624,2,1,,,,,
2625,1,2,,,,,
2626,0,0,,,,,
2627,0,0,,,,,
2628,0,1,,,,,
2629,1,1,,,,,
2630,1,1,,,,,
2631,1,1,,,,,
2632,2,1,,,,,
2633,0,2,,,,,
2634,1,1,,,,,
2635,0,0,,,,,
2636,2,1,,,,,
2637,2,0,,,,,
2638,0,1,,,,,
2639,1,2,,,,,
2640,0,0,,,,,
2641,1,1,,,,,
2642,1,2,,,,,
2643,0,0,,,,,
2644,1,0,,,,,
2645,0,2,,,,,
2646,1,1,,,,,
2647,0,1,,,,,
2648,0,1,,,,,
2649,1,2,,,,,
2650,1,1,,,,,
2651,0,0,,,,,
2652,0,1,,,,,
2653,1,0,,,,,
2654,1,1,,,,,
2655,0,0,,,,,
2656,0,2,,,,,
2657,2,1,,,,,
2658,1,2,,,,,
2659,2,1,,,,,
2660,1,1,,,,,
2661,2,1,,,,,
2662,0,1,,,,,
2663,0,1,,,,,
2664,0,1,,,,,
2665,1,1,,,,,
2666,1,0,,,,,
2667,2,1,,,,,
2668,0,1,,,,,
2669,0,1,,,,,
2670,0,1,,,,,
2671,0,0,,,,,
2672,1,1,,,,,
2673,1,1,,,,,
2674,1,1,,,,,
2675,1,1,,,,,
2676,0,2,,,,,
2677,2,1,,,,,
2678,0,0,,,,,
2679,1,1,,,,,
2680,1,1,,,,,
2681,1,1,,,,,
2682,2,1,,,,,
2683,0,1,,,,,
2684,0,0,,,,,
2685,1,1,,,,,
2686,0,1,,,,,
2687,2,2,,,,,
2688,1,2,,,,,
2689,1,1,,,,,
2690,1,1,,,,,
2691,1,2,,,,,
2692,0,2,,,,,
2693,0,1,,,,,
2694,2,1,,,,,
2695,0,0,,,,,
2696,1,2,,,,,
2697,0,1,,,,,
2698,0,1,,,,,
2699,2,1,,,,,
2700,1,2,,,,,
2701,0,0,,,,,
2702,1,1,,,,,
2703,1,2,,,,,
2704,1,1,,,,,
2705,1,1,,,,,
2706,0,1,,,,,
2707,1,1,,,,,
2708,2,2,,,,,
2709,0,1,,,,,
2710,0,0,,,,,
2711,0,1,,,,,
2712,0,1,,,,,
2713,2,2,,,,,
2714,0,1,,,,,
2715,1,1,,,,,
2716,0,0,,,,,
2717,2,1,,,,,
2718,1,1,,,,,
2719,0,0,,,,,
2720,2,1,,,,,
2721,0,1,,,,,
2722,2,1,,,,,
2723,2,2,,,,,
2724,1,2,,,,,
2725,1,1,,,,,
2726,2,1,,,,,
2727,1,1,,,,,
2728,1,1,,,,,
2729,2,1,,,,,
2730,0,1,,,,,
2731,1,1,,,,,
2732,2,0,,,,,
2733,0,1,,,,,
2734,1,1,,,,,
2735,2,0,,,,,
2736,1,2,,,,,
2737,2,2,,,,,
2738,1,2,,,,,
2739,1,1,,,,,
2740,0,1,,,,,
2741,2,1,,,,,
2742,0,1,,,,,
2743,0,0,,,,,
2744,1,1,,,,,
2745,1,1,,,,,
2746,0,0,,,,,
2747,1,1,,,,,
2748,2,1,,,,,
2749,0,1,,,,,
2750,2,1,,,,,
2751,1,2,,,,,
2752,0,0,,,,,
2753,1,1,,,,,
2754,1,2,,,,,
2755,2,2,,,,,
2756,0,2,,,,,
2757,0,1,,,,,
2758,1,1,,,,,
2759,2,1,,,,,
2760,2,1,,,,,
2761,0,0,,,,,
2762,2,2,,,,,
2763,1,2,,,,,
2764,1,2,,,,,
2765,1,1,,,,,
2766,1,1,,,,,
2767,2,1,,,,,
2768,0,1,,,,,
2769,1,1,,,,,
2770,1,0,,,,,
2771,1,1,,,,,
2772,0,1,,,,,
2773,0,0,,,,,
2774,0,1,,,,,
2775,0,0,,,,,
2776,2,2,,,,,
2777,0,0,,,,,
2778,1,2,,,,,
2779,2,1,,,,,
2780,0,1,,,,,
2781,0,1,,,,,
2782,2,2,,,,,
2783,1,1,,,,,
2784,2,1,,,,,
2785,1,1,,,,,
2786,1,1,,,,,
2787,0,1,,,,,
2788,0,1,,,,,
2789,0,1,,,,,
2790,0,1,,,,,
2791,1,1,,,,,
2792,1,2,,,,,
2793,1,1,,,,,
2794,0,1,,,,,
2795,0,1,,,,,
2796,2,1,,,,,
2797,0,1,,,,,
2798,1,1,,,,,
2799,0,0,,,,,
2800,0,0,,,,,
2801,1,1,,,,,
2802,0,0,,,,,
2803,0,1,,,,,
2804,2,2,,,,,
2805,1,1,,,,,
2806,1,2,,,,,
2807,0,2,,,,,
2808,0,0,,,,,
2809,0,1,,,,,
2810,2,1,,,,,
2811,0,0,,,,,
2812,0,0,,,,,
2813,2,1,,,,,
2814,1,1,,,,,
2815,0,1,,,,,
2816,2,1,,,,,
2817,0,2,,,,,
2818,0,0,,,,,
2819,0,2,,,,,
2820,1,1,,,,,
2821,0,1,,,,,
2822,1,1,,,,,
2823,0,1,,,,,
2824,0,0,,,,,
2825,0,0,,,,,
2826,0,1,,,,,
2827,0,1,,,,,
2828,1,1,,,,,
2829,1,2,,,,,
2830,2,1,,,,,
2831,1,1,,,,,
2832,0,2,,,,,
2833,0,1,,,,,
2834,1,1,,,,,
2835,1,1,,,,,
2836,0,0,,,,,
2837,2,1,,,,,
2838,0,0,,,,,
2839,1,0,,,,,
2840,2,1,,,,,
2841,0,0,,,,,
2842,0,1,,,,,
2843,0,0,,,,,
2844,2,2,,,,,
2845,1,1,,,,,
2846,0,1,,,,,
2847,0,1,,,,,
2848,0,0,,,,,
2849,2,0,,,,,
2850,0,1,,,,,
2851,2,1,,,,,
2852,0,1,,,,,
2853,2,1,,,,,
2854,0,1,,,,,
2855,0,2,,,,,
2856,1,1,,,,,
2857,1,1,,,,,
2858,1,2,,,,,
2859,1,1,,,,,
2860,1,1,,,,,
2861,1,1,,,,,
2862,2,1,,,,,
2863,0,0,,,,,
2864,1,1,,,,,
2865,0,1,,,,,
2866,1,0,,,,,
2867,1,1,,,,,
2868,1,1,,,,,
2869,0,2,,,,,
2870,2,1,,,,,
2871,0,1,,,,,
2872,1,1,,,,,
2873,2,1,,,,,
2874,0,1,,,,,
2875,2,1,,,,,
2876,0,0,,,,,
2877,2,1,,,,,
2878,0,0,,,,,
2879,0,1,,,,,
2880,0,0,,,,,
2881,2,1,,,,,
2882,2,1,,,,,
2883,1,1,,,,,
2884,2,1,,,,,
2885,0,0,,,,,
2886,1,2,,,,,
2887,0,1,,,,,
2888,0,0,,,,,
2889,1,0,,,,,
2890,1,1,,,,,
2891,1,2,,,,,
2892,2,1,,,,,
2893,2,1,,,,,
2894,1,1,,,,,
2895,0,1,,,,,
2896,2,1,,,,,
2897,1,1,,,,,
2898,0,1,,,,,
2899,1,1,,,,,
2900,1,2,,,,,
2901,1,1,,,,,
2902,1,1,,,,,
2903,0,0,,,,,
2904,0,1,,,,,
2905,1,1,,,,,
2906,0,1,,,,,
2907,0,1,,,,,
2908,1,1,,,,,
2909,2,2,,,,,
2910,0,2,,,,,
2911,0,0,,,,,
2912,2,1,,,,,
2913,0,1,,,,,
2914,1,1,,,,,
2915,1,1,,,,,
2916,2,2,,,,,
2917,1,1,,,,,
2918,0,1,,,,,
2919,0,1,,,,,
2920,0,1,,,,,
2921,0,1,,,,,
2922,1,2,,,,,
2923,0,1,,,,,
2924,0,0,,,,,
2925,0,1,,,,,
2926,0,1,,,,,
2927,0,1,,,,,
2928,2,1,,,,,
2929,1,2,,,,,
2930,0,0,,,,,
2931,1,1,,,,,
2932,1,2,,,,,
2933,1,1,,,,,
2934,1,1,,,,,
2935,0,1,,,,,
2936,2,1,,,,,
2937,1,1,,,,,
2938,0,0,,,,,
2939,0,0,,,,,
2940,2,1,,,,,
2941,1,1,,,,,
2942,2,1,,,,,
2943,0,0,,,,,
2944,1,1,,,,,
2945,0,2,,,,,
2946,2,2,,,,,
2947,1,1,,,,,
2948,2,1,,,,,
2949,0,1,,,,,
2950,0,2,,,,,
2951,0,1,,,,,
2952,0,0,,,,,
2953,2,1,,,,,
2954,1,1,,,,,
2955,1,1,,,,,
2956,2,2,,,,,
2957,1,1,,,,,
2958,1,1,,,,,
2959,1,1,,,,,
2960,1,1,,,,,
2961,0,1,,,,,
2962,2,2,,,,,
2963,1,1,,,,,
2964,1,1,,,,,
2965,2,1,,,,,
2966,0,0,,,,,
2967,1,0,,,,,
2968,0,1,,,,,
2969,0,0,,,,,
2970,0,2,,,,,
2971,0,0,,,,,
2972,2,1,,,,,
2973,2,1,,,,,
2974,2,2,,,,,
2975,1,1,,,,,
2976,1,1,,,,,
2977,0,1,,,,,
2978,0,1,,,,,
2979,0,1,,,,,
2980,1,2,,,,,
2981,2,1,,,,,
2982,1,2,,,,,
2983,0,0,,,,,
2984,1,1,,,,,
2985,1,1,,,,,
2986,2,2,,,,,
2987,1,2,,,,,
2988,0,0,,,,,
2989,2,2,,,,,
2990,1,2,,,,,
2991,0,2,,,,,
2992,0,2,,,,,
2993,0,0,,,,,
2994,0,1,,,,,
2995,1,1,,,,,
2996,0,2,,,,,
2997,1,0,,,,,
2998,0,1,,,,,
2999,1,1,,,,,
3000,1,1,,,,,
